TransactionID,Date,CustomerID,Product,Quantity,Price,TotalAmount,Status
1001,2023-10-21,C004,Widget C,,,,Cancelled
1002,2023-10-24,C018,Widget D,,,,Cancelled
1003,2023-10-20,C001,Widget D,4,,,Complete
1004,2023-10-23,,Widget C,,24.14,,Complete
1005,2023-10-03,C013,Widget C,6,21.14,126.84,Cancelled
1006,2023-10-04,C013,Widget C,10,,,Complete
1007,2023-10-22,,Widget A,,12.6,,Cancelled
1008,2023-10-27,C012,Widget C,,,,Cancelled
1009,2023-10-21,C006,Widget B,8,,,Cancelled
1010,2023-10-11,C002,Widget A,6,,,Cancelled
1011,2023-10-29,C011,Widget D,7,,,Complete
1012,2023-10-24,,Widget D,10,,,Cancelled
1013,2023-10-16,C003,Widget A,,20.84,,Cancelled
1014,2023-10-03,,Widget D,9,,,Cancelled
1015,2023-10-24,,Widget C,2,13.7,27.4,Complete
1016,2023-10-31,C009,Widget A,,,,Cancelled
1017,2023-10-31,C017,Widget C,,7.24,,Pending
1018,2023-10-08,C002,Widget A,2,,,Complete
1019,2023-10-22,C016,Widget C,9,,,Cancelled
1020,2023-10-10,,Widget D,9,,,Complete
1021,2023-10-11,C001,Widget B,,,,Complete
1022,2023-10-03,,Widget A,,10.57,,Complete
1023,2023-10-18,,Widget B,8,,,Cancelled
1024,2023-10-14,,Widget D,,,,Complete
1025,2023-10-13,C011,Widget B,,,,Pending
1026,2023-10-06,,Widget B,2,,,Complete
1027,2023-10-21,C018,Widget A,,13.13,,Complete
1028,2023-10-28,C013,Widget B,,24.71,,Pending
1029,2023-10-10,,Widget B,4,,,Cancelled
1030,2023-10-24,C018,Widget C,,,,Complete
1031,2023-10-31,C017,Widget B,,,,Pending
1032,2023-10-04,C019,Widget A,,13.38,,Pending
1033,2023-10-07,C011,Widget C,,18.43,,Pending
1034,2023-10-11,C003,Widget D,,,,Cancelled
1035,2023-10-09,,Widget A,4,10.7,42.8,Cancelled
1036,2023-10-23,C010,Widget C,,,,Cancelled
1037,2023-10-18,,Widget C,,,,Cancelled
1038,2023-10-21,,Widget C,,17.69,,Complete
1039,2023-10-01,C011,Widget C,3,16.03,48.09,Cancelled
1040,2023-10-01,C004,Widget B,,,,Pending
1041,2023-10-05,,Widget C,1,,,Cancelled
1042,2023-10-04,,Widget B,,,,Pending
1043,2023-10-01,,Widget D,4,,,Pending
1044,2023-10-28,,Widget B,4,,,Complete
1045,2023-10-01,,Widget C,,24.34,,Pending
1046,2023-10-21,,Widget C,,22.54,,Complete
1047,2023-10-19,C009,Widget A,10,11.91,119.1,Pending
1048,2023-10-20,C017,Widget D,,10.09,,Complete
1049,2023-10-17,C018,Widget C,,23.98,,Cancelled
1050,2023-10-11,,Widget C,7,13.05,91.35,Cancelled
1051,2023-10-05,,Widget D,3,,,Pending
1052,2023-10-10,,Widget C,8,,,Cancelled
1053,2023-10-16,C006,Widget C,9,,,Cancelled
1054,2023-10-10,C008,Widget B,,9.9,,Cancelled
1055,2023-10-28,,Widget D,,19.37,,Pending
1056,2023-10-13,C008,Widget A,2,9.38,18.76,Complete
1057,2023-10-18,C008,Widget D,3,18.35,55.05,Pending
1058,2023-10-20,,Widget D,3,,,Cancelled
1059,2023-10-09,,Widget B,5,6.55,32.75,Complete
1060,2023-10-09,,Widget A,,,,Cancelled
1061,2023-10-07,,Widget D,6,,,Pending
1062,2023-10-13,C019,Widget D,,23.85,,Pending
1063,2023-10-28,C014,Widget D,4,,,Pending
1064,2023-10-11,C013,Widget D,,,,Complete
1065,2023-10-21,C014,Widget D,,10.2,,Complete
1066,2023-10-15,,Widget D,5,,,Pending
1067,2023-10-01,C018,Widget C,,,,Complete
1068,2023-10-31,C008,Widget A,,9.77,,Cancelled
1069,2023-10-04,C019,Widget D,5,,,Complete
1070,2023-10-31,C010,Widget A,5,,,Complete
1071,2023-10-19,C008,Widget C,,,,Pending
1072,2023-10-18,,Widget A,9,5.25,47.25,Pending
1073,2023-10-04,,Widget D,3,8.52,25.56,Cancelled
1074,2023-10-26,,Widget D,7,,,Complete
1075,2023-10-09,C015,Widget D,10,11.73,117.3,Pending
1076,2023-10-06,C016,Widget C,5,10.59,52.95,Cancelled
1077,2023-10-01,C017,Widget A,4,,,Cancelled
1078,2023-10-16,,Widget A,2,,,Pending
1079,2023-10-22,,Widget D,9,13.51,121.59,Pending
1080,2023-10-23,,Widget C,,,,Pending
1081,2023-10-04,C018,Widget B,4,10.53,42.12,Complete
1082,2023-10-27,,Widget B,,,,Pending
1083,2023-10-02,,Widget B,,22.45,,Pending
1084,2023-10-16,,Widget B,1,23.82,23.82,Complete
1085,2023-10-27,,Widget D,,8.03,,Complete
1086,2023-10-08,,Widget B,9,14.01,126.09,Pending
1087,2023-10-28,,Widget C,,,,Complete
1088,2023-10-21,,Widget A,,,,Complete
1089,2023-10-01,,Widget D,,9.63,,Cancelled
1090,2023-10-28,C015,Widget B,,,,Cancelled
1091,2023-10-05,C009,Widget A,,20.85,,Pending
1092,2023-10-04,,Widget D,5,,,Pending
1093,2023-10-24,,Widget A,,,,Cancelled
1094,2023-10-27,C009,Widget B,8,,,Cancelled
1095,2023-10-14,C016,Widget D,6,,,Complete
1096,2023-10-11,,Widget C,,14.1,,Pending
1097,2023-10-11,,Widget A,9,,,Cancelled
1098,2023-10-12,,Widget D,,,,Pending
1099,2023-10-15,C016,Widget A,,19.2,,Cancelled
1100,2023-10-01,,Widget A,,,,Cancelled
1101,2023-10-27,,Widget C,9,13.31,119.79,Pending
1102,2023-10-08,C015,Widget D,,22.28,,Pending
1103,2023-10-11,,Widget A,5,21.75,108.75,Complete
1104,2023-10-15,,Widget C,6,14.11,84.66,Complete
1105,2023-10-23,,Widget B,,11.36,,Cancelled
1106,2023-10-30,,Widget B,,7.52,,Complete
1107,2023-10-28,C015,Widget D,,,,Complete
1108,2023-10-16,,Widget D,2,22.05,44.1,Pending
1109,2023-10-21,C016,Widget A,4,,,Pending
1110,2023-10-04,,Widget B,,,,Pending
1111,2023-10-12,,Widget B,4,,,Complete
1112,2023-10-06,,Widget B,,9.64,,Pending
1113,2023-10-09,,Widget C,,6.48,,Cancelled
1114,2023-10-10,,Widget D,,24.99,,Complete
1115,2023-10-08,,Widget C,,24.56,,Pending
1116,2023-10-01,C019,Widget D,,17.14,,Complete
1117,2023-10-21,,Widget B,,11.18,,Complete
1118,2023-10-19,C012,Widget A,5,,,Complete
1119,2023-10-05,,Widget C,3,23.28,69.84,Pending
1120,2023-10-24,C011,Widget D,,,,Cancelled
1121,2023-10-24,,Widget A,,,,Pending
1122,2023-10-12,,Widget C,,14.43,,Cancelled
1123,2023-10-08,,Widget C,,,,Pending
1124,2023-10-16,C004,Widget B,,12.77,,Cancelled
1125,2023-10-31,,Widget B,,21.67,,Pending
1126,2023-10-02,C012,Widget D,,,,Cancelled
1127,2023-10-12,,Widget A,7,,,Pending
1128,2023-10-03,C007,Widget A,,,,Complete
1129,2023-10-27,C018,Widget B,4,,,Pending
1130,2023-10-28,C005,Widget C,,,,Complete
1131,2023-10-01,C012,Widget C,,,,Cancelled
1132,2023-10-14,C017,Widget A,8,,,Pending
1133,2023-10-17,C008,Widget C,,6.22,,Pending
1134,2023-10-14,,Widget D,,,,Complete
1135,2023-10-05,,Widget D,10,14.07,140.7,Complete
1136,2023-10-26,C004,Widget D,,13.28,,Pending
1137,2023-10-14,,Widget D,6,,,Cancelled
1138,2023-10-30,C016,Widget A,,13.64,,Complete
1139,2023-10-18,,Widget A,7,22.47,157.29,Cancelled
1140,2023-10-02,,Widget C,,8.09,,Complete
1141,2023-10-28,,Widget C,2,16.48,32.96,Cancelled
1142,2023-10-25,C020,Widget C,,10.47,,Pending
1143,2023-10-12,C001,Widget B,10,,,Complete
1144,2023-10-24,C017,Widget D,7,11.82,82.74,Pending
1145,2023-10-24,C011,Widget A,,,,Cancelled
1146,2023-10-03,,Widget D,8,,,Cancelled
1147,2023-10-04,,Widget A,5,15.54,77.7,Complete
1148,2023-10-08,C013,Widget A,4,,,Pending
1149,2023-10-10,C011,Widget A,8,8.51,68.08,Cancelled
1150,2023-10-23,,Widget A,,13.72,,Complete
1151,2023-10-28,,Widget D,7,,,Pending
1152,2023-10-06,,Widget C,2,,,Pending
1153,2023-10-19,C013,Widget D,5,,,Complete
1154,2023-10-17,C004,Widget C,,,,Pending
1155,2023-10-07,C006,Widget A,3,14.28,42.84,Cancelled
1156,2023-10-30,,Widget C,3,6.37,19.11,Cancelled
1157,2023-10-10,C009,Widget C,,11.21,,Complete
1158,2023-10-02,,Widget A,2,,,Pending
1159,2023-10-30,C019,Widget C,10,,,Pending
1160,2023-10-04,C011,Widget B,,19.15,,Cancelled
1161,2023-10-17,C020,Widget C,6,12.75,76.5,Cancelled
1162,2023-10-20,,Widget A,,16.16,,Pending
1163,2023-10-09,C020,Widget C,,23.33,,Cancelled
1164,2023-10-23,C013,Widget A,5,17.87,89.35,Complete
1165,2023-10-22,C017,Widget D,9,5.36,48.24,Complete
1166,2023-10-31,,Widget D,,,,Complete
1167,2023-10-10,C004,Widget C,,,,Complete
1168,2023-10-06,C020,Widget D,1,,,Pending
1169,2023-10-20,,Widget B,,11.19,,Complete
1170,2023-10-12,,Widget D,5,15.06,75.3,Complete
1171,2023-10-27,C007,Widget C,1,,,Cancelled
1172,2023-10-28,C017,Widget C,,,,Pending
1173,2023-10-03,,Widget C,1,6.07,6.07,Complete
1174,2023-10-13,,Widget B,1,23.62,23.62,Complete
1175,2023-10-05,,Widget D,3,,,Complete
1176,2023-10-01,C009,Widget B,9,7.22,64.98,Complete
1177,2023-10-10,C004,Widget B,7,6.26,43.82,Cancelled
1178,2023-10-18,C001,Widget B,5,5.03,25.15,Complete
1179,2023-10-19,C014,Widget A,9,,,Pending
1180,2023-10-28,C016,Widget D,6,19.95,119.7,Complete
1181,2023-10-12,C008,Widget C,,12.05,,Cancelled
1182,2023-10-06,,Widget B,,19.32,,Complete
1183,2023-10-10,C007,Widget B,1,23.67,23.67,Cancelled
1184,2023-10-16,C009,Widget B,5,,,Cancelled
1185,2023-10-11,C009,Widget C,7,19.87,139.09,Pending
1186,2023-10-06,,Widget C,9,21.02,189.18,Complete
1187,2023-10-14,C020,Widget C,,6.6,,Pending
1188,2023-10-15,,Widget B,8,13.94,111.52,Cancelled
1189,2023-10-14,C009,Widget A,7,,,Complete
1190,2023-10-05,,Widget A,,9.72,,Pending
1191,2023-10-13,C019,Widget B,8,,,Cancelled
1192,2023-10-05,,Widget D,6,,,Complete
1193,2023-10-24,,Widget D,,10.24,,Cancelled
1194,2023-10-15,,Widget D,,,,Pending
1195,2023-10-06,C015,Widget C,,16,,Pending
1196,2023-10-28,C006,Widget C,,,,Complete
1197,2023-10-08,C016,Widget C,9,,,Cancelled
1198,2023-10-29,C003,Widget C,7,15.51,108.57,Cancelled
1199,2023-10-03,,Widget A,8,18.6,148.8,Complete
1200,2023-10-29,C018,Widget B,,,,Pending
1201,2023-10-06,,Widget B,6,21.92,131.52,Complete
1202,2023-10-21,,Widget B,,,,Cancelled
1203,2023-10-31,C019,Widget B,10,,,Complete
1204,2023-10-03,,Widget B,10,,,Pending
1205,2023-10-29,,Widget C,,21.09,,Pending
1206,2023-10-15,C003,Widget B,8,,,Pending
1207,2023-10-20,,Widget C,6,7.62,45.72,Cancelled
1208,2023-10-18,,Widget B,,,,Complete
1209,2023-10-04,,Widget D,10,,,Pending
1210,2023-10-30,,Widget B,3,24.92,74.76,Pending
1211,2023-10-29,,Widget A,2,,,Complete
1212,2023-10-19,C012,Widget A,5,16.95,84.75,Pending
1213,2023-10-18,C001,Widget D,3,19.55,58.65,Pending
1214,2023-10-02,C013,Widget B,6,6.47,38.82,Cancelled
1215,2023-10-09,C020,Widget B,2,12.46,24.92,Cancelled
1216,2023-10-31,C012,Widget B,10,,,Complete
1217,2023-10-05,,Widget D,,11.56,,Complete
1218,2023-10-13,,Widget C,9,19.17,172.53,Pending
1219,2023-10-27,,Widget C,2,,,Cancelled
1220,2023-10-16,C009,Widget A,10,8.41,84.1,Complete
1221,2023-10-27,C008,Widget A,,13.82,,Complete
1222,2023-10-14,,Widget D,,15.37,,Cancelled
1223,2023-10-16,,Widget C,3,23.24,69.72,Cancelled
1224,2023-10-12,,Widget B,4,,,Pending
1225,2023-10-25,C010,Widget D,6,11.98,71.88,Pending
1226,2023-10-04,,Widget D,,10.81,,Cancelled
1227,2023-10-03,,Widget C,,9.04,,Cancelled
1228,2023-10-23,C009,Widget A,,,,Cancelled
1229,2023-10-08,C002,Widget D,6,,,Complete
1230,2023-10-31,C018,Widget D,8,18.01,144.08,Pending
1231,2023-10-10,C002,Widget B,,,,Pending
1232,2023-10-29,C006,Widget D,,23.73,,Complete
1233,2023-10-01,C010,Widget C,5,24.78,123.9,Complete
1234,2023-10-28,,Widget C,,11.61,,Cancelled
1235,2023-10-09,C006,Widget C,,8.51,,Pending
1236,2023-10-17,C011,Widget D,,24.63,,Pending
1237,2023-10-30,C008,Widget C,,13.93,,Pending
1238,2023-10-10,C019,Widget C,,,,Pending
1239,2023-10-10,,Widget C,2,,,Complete
1240,2023-10-31,,Widget B,8,13.32,106.56,Cancelled
1241,2023-10-26,C007,Widget A,9,15.56,140.04,Complete
1242,2023-10-30,C019,Widget A,,,,Complete
1243,2023-10-11,,Widget A,4,6.82,27.28,Complete
1244,2023-10-15,,Widget D,,16.18,,Cancelled
1245,2023-10-01,,Widget A,,5.91,,Cancelled
1246,2023-10-03,C018,Widget A,,,,Complete
1247,2023-10-25,,Widget D,8,,,Cancelled
1248,2023-10-28,C012,Widget B,9,,,Complete
1249,2023-10-25,,Widget D,9,,,Complete
1250,2023-10-15,C012,Widget C,,5.64,,Cancelled
1251,2023-10-25,C001,Widget B,,16.88,,Cancelled
1252,2023-10-22,C002,Widget A,7,,,Complete
1253,2023-10-05,,Widget B,10,16.55,165.5,Complete
1254,2023-10-10,C005,Widget D,5,,,Cancelled
1255,2023-10-22,,Widget A,6,20.72,124.32,Cancelled
1256,2023-10-14,C014,Widget C,,20.09,,Complete
1257,2023-10-28,,Widget B,,16.25,,Cancelled
1258,2023-10-17,,Widget B,,,,Pending
1259,2023-10-28,C012,Widget B,1,,,Complete
1260,2023-10-07,C019,Widget D,4,,,Complete
1261,2023-10-30,C007,Widget D,,,,Cancelled
1262,2023-10-11,,Widget D,9,11.17,100.53,Cancelled
1263,2023-10-29,,Widget A,8,23.29,186.32,Pending
1264,2023-10-14,C002,Widget B,1,16.07,16.07,Pending
1265,2023-10-05,,Widget B,,14.99,,Pending
1266,2023-10-25,,Widget D,3,8.39,25.17,Complete
1267,2023-10-30,C018,Widget A,,20.29,,Complete
1268,2023-10-27,C008,Widget B,,15.11,,Complete
1269,2023-10-20,,Widget D,,15.64,,Complete
1270,2023-10-01,,Widget C,1,,,Complete
1271,2023-10-30,C004,Widget B,4,21.3,85.2,Pending
1272,2023-10-03,,Widget D,,,,Pending
1273,2023-10-22,C003,Widget A,7,12.54,87.78,Complete
1274,2023-10-21,C001,Widget A,8,17.9,143.2,Cancelled
1275,2023-10-28,C004,Widget B,4,,,Cancelled
1276,2023-10-30,C009,Widget B,,,,Cancelled
1277,2023-10-27,C013,Widget C,,16.33,,Cancelled
1278,2023-10-29,,Widget D,,15.02,,Complete
1279,2023-10-04,C014,Widget A,6,24.38,146.28,Complete
1280,2023-10-21,,Widget D,4,16.06,64.24,Pending
1281,2023-10-06,,Widget A,10,,,Complete
1282,2023-10-09,,Widget B,7,,,Complete
1283,2023-10-31,,Widget C,,,,Pending
1284,2023-10-15,,Widget A,,,,Cancelled
1285,2023-10-20,,Widget A,5,,,Cancelled
1286,2023-10-29,C018,Widget B,,7.78,,Pending
1287,2023-10-16,C005,Widget B,7,13.42,93.94,Complete
1288,2023-10-12,C009,Widget D,,,,Pending
1289,2023-10-01,,Widget D,6,,,Pending
1290,2023-10-11,C020,Widget D,,24.29,,Pending
1291,2023-10-24,C016,Widget C,7,21.33,149.31,Pending
1292,2023-10-04,C019,Widget B,,24.06,,Cancelled
1293,2023-10-07,,Widget A,7,7.78,54.46,Complete
1294,2023-10-09,,Widget D,2,24.81,49.62,Cancelled
1295,2023-10-13,,Widget A,,,,Cancelled
1296,2023-10-22,C012,Widget A,10,24.34,243.4,Pending
1297,2023-10-04,C001,Widget C,,13.92,,Pending
1298,2023-10-25,C019,Widget C,1,7.09,7.09,Complete
1299,2023-10-04,,Widget C,6,20.69,124.14,Pending
1300,2023-10-16,,Widget D,,,,Complete
1301,2023-10-28,C011,Widget B,,16.04,,Cancelled
1302,2023-10-14,C015,Widget D,,17.81,,Pending
1303,2023-10-01,C020,Widget D,10,,,Complete
1304,2023-10-09,C003,Widget B,6,,,Pending
1305,2023-10-22,,Widget D,10,16.74,167.4,Pending
1306,2023-10-28,C015,Widget C,,18.44,,Complete
1307,2023-10-08,C010,Widget B,,15.22,,Cancelled
1308,2023-10-05,,Widget D,3,,,Cancelled
1309,2023-10-06,,Widget B,3,,,Pending
1310,2023-10-31,,Widget B,4,24.28,97.12,Pending
1311,2023-10-22,,Widget D,,,,Complete
1312,2023-10-10,,Widget B,9,8.36,75.24,Cancelled
1313,2023-10-24,C016,Widget A,5,,,Cancelled
1314,2023-10-15,C018,Widget D,,,,Pending
1315,2023-10-09,C012,Widget D,,9.2,,Cancelled
1316,2023-10-20,C014,Widget B,,21.11,,Cancelled
1317,2023-10-09,C020,Widget C,5,,,Complete
1318,2023-10-31,C014,Widget C,,9.99,,Complete
1319,2023-10-25,,Widget B,10,17.56,175.6,Pending
1320,2023-10-03,,Widget C,6,24.01,144.06,Cancelled
1321,2023-10-01,,Widget C,2,9.36,18.72,Complete
1322,2023-10-16,,Widget C,,16.32,,Pending
1323,2023-10-29,C002,Widget A,,,,Pending
1324,2023-10-15,,Widget B,3,8.18,24.54,Complete
1325,2023-10-21,,Widget A,,6.04,,Cancelled
1326,2023-10-23,,Widget A,,,,Complete
1327,2023-10-19,,Widget A,1,21.34,21.34,Cancelled
1328,2023-10-05,C016,Widget B,,,,Complete
1329,2023-10-11,,Widget B,,,,Complete
1330,2023-10-17,C019,Widget B,8,,,Pending
1331,2023-10-20,C015,Widget A,,20.05,,Pending
1332,2023-10-31,,Widget B,4,,,Cancelled
1333,2023-10-20,,Widget A,,,,Cancelled
1334,2023-10-13,C010,Widget B,8,7.25,58,Cancelled
1335,2023-10-20,C003,Widget C,,12.74,,Pending
1336,2023-10-18,,Widget A,,,,Complete
1337,2023-10-30,,Widget C,9,13.47,121.23,Complete
1338,2023-10-21,C018,Widget C,2,,,Complete
1339,2023-10-18,,Widget A,5,,,Complete
1340,2023-10-08,,Widget A,,,,Complete
1341,2023-10-01,C005,Widget B,8,15.46,123.68,Complete
1342,2023-10-12,,Widget A,1,21.14,21.14,Cancelled
1343,2023-10-03,C009,Widget D,8,,,Pending
1344,2023-10-06,C009,Widget A,,,,Complete
1345,2023-10-02,,Widget D,,,,Cancelled
1346,2023-10-26,C014,Widget C,4,23.32,93.28,Pending
1347,2023-10-27,,Widget A,,,,Pending
1348,2023-10-03,,Widget C,,,,Pending
1349,2023-10-07,,Widget B,8,16.83,134.64,Complete
1350,2023-10-24,C018,Widget B,1,5.48,5.48,Cancelled
1351,2023-10-27,,Widget A,7,,,Pending
1352,2023-10-16,C002,Widget C,,23.43,,Cancelled
1353,2023-10-29,,Widget A,,15.11,,Complete
1354,2023-10-19,C019,Widget D,,10.83,,Pending
1355,2023-10-23,,Widget D,,,,Complete
1356,2023-10-25,C019,Widget B,,13.99,,Pending
1357,2023-10-04,,Widget B,8,,,Complete
1358,2023-10-06,C010,Widget B,,,,Pending
1359,2023-10-13,C017,Widget C,,5.62,,Pending
1360,2023-10-18,C018,Widget A,,,,Complete
1361,2023-10-01,C002,Widget B,4,,,Cancelled
1362,2023-10-19,C009,Widget A,,23.05,,Complete
1363,2023-10-03,C011,Widget A,,8.36,,Cancelled
1364,2023-10-13,C016,Widget D,,,,Pending
1365,2023-10-09,C015,Widget A,,17.95,,Pending
1366,2023-10-29,,Widget A,2,12.66,25.32,Complete
1367,2023-10-21,C017,Widget A,7,14.59,102.13,Pending
1368,2023-10-30,,Widget D,,,,Complete
1369,2023-10-29,C009,Widget D,9,,,Complete
1370,2023-10-04,C008,Widget C,,,,Cancelled
1371,2023-10-28,,Widget B,,16.85,,Cancelled
1372,2023-10-01,C012,Widget B,8,,,Complete
1373,2023-10-02,C008,Widget A,9,,,Complete
1374,2023-10-11,,Widget A,,,,Complete
1375,2023-10-28,,Widget A,6,16.72,100.32,Pending
1376,2023-10-11,C005,Widget D,8,8.48,67.84,Complete
1377,2023-10-22,C019,Widget D,5,,,Cancelled
1378,2023-10-31,,Widget A,3,,,Cancelled
1379,2023-10-19,,Widget B,,9.76,,Complete
1380,2023-10-21,,Widget D,1,,,Pending
1381,2023-10-09,C004,Widget A,7,,,Pending
1382,2023-10-16,,Widget D,2,,,Complete
1383,2023-10-15,C003,Widget C,1,,,Complete
1384,2023-10-11,,Widget B,,11.76,,Cancelled
1385,2023-10-01,C014,Widget D,,,,Complete
1386,2023-10-14,,Widget C,,6.92,,Cancelled
1387,2023-10-18,C016,Widget A,,13.55,,Cancelled
1388,2023-10-21,,Widget B,,9.14,,Complete
1389,2023-10-16,,Widget D,8,22.9,183.2,Complete
1390,2023-10-21,,Widget B,6,12.39,74.34,Complete
1391,2023-10-09,,Widget C,4,,,Cancelled
1392,2023-10-22,C004,Widget C,9,,,Cancelled
1393,2023-10-02,,Widget D,,,,Pending
1394,2023-10-29,C002,Widget A,,,,Complete
1395,2023-10-26,C007,Widget A,,24.77,,Complete
1396,2023-10-27,,Widget C,,12.76,,Cancelled
1397,2023-10-11,,Widget A,10,,,Complete
1398,2023-10-19,C019,Widget A,,20.71,,Pending
1399,2023-10-09,,Widget D,,,,Cancelled
1400,2023-10-20,C013,Widget D,,5.99,,Pending
1401,2023-10-29,C012,Widget C,5,10.61,53.05,Cancelled
1402,2023-10-22,C004,Widget B,5,20.48,102.4,Pending
1403,2023-10-24,C014,Widget B,,23.27,,Cancelled
1404,2023-10-16,,Widget A,,6.31,,Complete
1405,2023-10-25,C017,Widget B,,,,Complete
1406,2023-10-15,,Widget B,5,21.47,107.35,Cancelled
1407,2023-10-30,C004,Widget B,6,,,Pending
1408,2023-10-19,,Widget C,3,,,Pending
1409,2023-10-01,C013,Widget B,,,,Cancelled
1410,2023-10-07,,Widget A,1,,,Cancelled
1411,2023-10-26,C001,Widget C,10,19.25,192.5,Pending
1412,2023-10-29,,Widget D,,14.33,,Cancelled
1413,2023-10-04,,Widget C,,14.63,,Pending
1414,2023-10-21,,Widget C,,,,Complete
1415,2023-10-26,,Widget C,,18.11,,Pending
1416,2023-10-30,,Widget D,,,,Cancelled
1417,2023-10-18,,Widget C,,10.88,,Complete
1418,2023-10-24,C009,Widget C,,12.11,,Pending
1419,2023-10-26,,Widget C,10,,,Pending
1420,2023-10-02,C019,Widget D,,22.35,,Cancelled
1421,2023-10-10,C014,Widget B,,11.85,,Complete
1422,2023-10-11,C006,Widget D,,,,Complete
1423,2023-10-15,C009,Widget B,,,,Complete
1424,2023-10-20,,Widget D,7,,,Cancelled
1425,2023-10-07,C012,Widget C,,,,Cancelled
1426,2023-10-24,C008,Widget C,,7.05,,Complete
1427,2023-10-03,,Widget C,8,,,Pending
1428,2023-10-29,,Widget B,3,,,Cancelled
1429,2023-10-05,C007,Widget B,2,,,Pending
1430,2023-10-29,C009,Widget A,,,,Pending
1431,2023-10-15,C013,Widget C,,,,Pending
1432,2023-10-14,,Widget B,,,,Pending
1433,2023-10-04,,Widget B,,,,Pending
1434,2023-10-23,,Widget B,1,23.21,23.21,Pending
1435,2023-10-08,C001,Widget A,2,,,Cancelled
1436,2023-10-03,,Widget B,8,,,Complete
1437,2023-10-27,C006,Widget C,6,,,Complete
1438,2023-10-28,C002,Widget B,3,12.15,36.45,Cancelled
1439,2023-10-09,,Widget C,,13.02,,Pending
1440,2023-10-27,,Widget D,,,,Complete
1441,2023-10-04,,Widget D,3,,,Cancelled
1442,2023-10-29,,Widget D,2,,,Pending
1443,2023-10-21,C011,Widget B,,,,Pending
1444,2023-10-12,C013,Widget A,,15.11,,Pending
1445,2023-10-28,C006,Widget D,,11.62,,Complete
1446,2023-10-17,,Widget D,,14.18,,Complete
1447,2023-10-28,,Widget C,2,,,Complete
1448,2023-10-13,C014,Widget A,2,,,Cancelled
1449,2023-10-22,,Widget C,,21.89,,Cancelled
1450,2023-10-25,,Widget C,,,,Complete
1451,2023-10-11,,Widget C,,22.94,,Complete
1452,2023-10-27,C014,Widget C,,8.75,,Complete
1453,2023-10-15,,Widget A,,,,Pending
1454,2023-10-15,C019,Widget D,,16.06,,Cancelled
1455,2023-10-16,C017,Widget B,,12.75,,Cancelled
1456,2023-10-29,,Widget B,5,24.27,121.35,Pending
1457,2023-10-26,C005,Widget D,10,21.86,218.6,Cancelled
1458,2023-10-24,C018,Widget B,4,,,Cancelled
1459,2023-10-21,,Widget A,6,16.66,99.96,Cancelled
1460,2023-10-24,,Widget D,,,,Complete
1461,2023-10-22,C002,Widget C,3,,,Complete
1462,2023-10-23,C010,Widget A,6,,,Cancelled
1463,2023-10-21,,Widget B,9,,,Pending
1464,2023-10-13,,Widget A,1,9.06,9.06,Complete
1465,2023-10-30,C012,Widget B,5,,,Complete
1466,2023-10-31,C006,Widget D,1,10.58,10.58,Complete
1467,2023-10-06,,Widget A,6,,,Complete
1468,2023-10-05,C011,Widget C,8,6.46,51.68,Cancelled
1469,2023-10-08,C006,Widget B,7,,,Complete
1470,2023-10-22,,Widget C,,24.01,,Cancelled
1471,2023-10-27,C001,Widget C,,,,Complete
1472,2023-10-22,,Widget A,7,15.8,110.6,Complete
1473,2023-10-30,,Widget D,,,,Pending
1474,2023-10-17,C003,Widget B,,,,Cancelled
1475,2023-10-21,,Widget A,4,,,Cancelled
1476,2023-10-22,C005,Widget D,,,,Complete
1477,2023-10-26,C009,Widget B,5,12.76,63.8,Pending
1478,2023-10-11,,Widget A,,,,Cancelled
1479,2023-10-19,C002,Widget C,,10.8,,Cancelled
1480,2023-10-03,,Widget D,,,,Complete
1481,2023-10-24,,Widget B,5,,,Cancelled
1482,2023-10-28,C018,Widget A,,16.45,,Cancelled
1483,2023-10-18,,Widget B,,,,Complete
1484,2023-10-06,,Widget B,,,,Cancelled
1485,2023-10-15,C018,Widget C,2,6.96,13.92,Pending
1486,2023-10-12,C005,Widget A,,23,,Pending
1487,2023-10-15,,Widget B,10,21.15,211.5,Complete
1488,2023-10-01,C011,Widget B,7,,,Cancelled
1489,2023-10-24,,Widget D,8,20.5,164,Cancelled
1490,2023-10-04,C006,Widget C,,,,Cancelled
1491,2023-10-03,C001,Widget D,,23.13,,Cancelled
1492,2023-10-29,,Widget B,6,9.47,56.82,Complete
1493,2023-10-15,C017,Widget D,,,,Cancelled
1494,2023-10-05,C015,Widget B,,19.72,,Pending
1495,2023-10-02,,Widget B,2,,,Cancelled
1496,2023-10-07,,Widget D,8,,,Cancelled
1497,2023-10-11,,Widget C,,12.53,,Pending
1498,2023-10-19,,Widget D,4,12.06,48.24,Pending
1499,2023-10-26,C016,Widget B,,9.6,,Complete
1500,2023-10-05,C006,Widget C,,18.22,,Pending
1501,2023-10-24,,Widget D,,16.82,,Complete
1502,2023-10-08,C002,Widget B,,,,Complete
1503,2023-10-06,C009,Widget D,,22.57,,Complete
1504,2023-10-07,,Widget D,,,,Cancelled
1505,2023-10-27,,Widget B,6,,,Complete
1506,2023-10-13,C013,Widget A,,15.45,,Complete
1507,2023-10-20,C004,Widget D,,,,Complete
1508,2023-10-16,C005,Widget D,9,,,Cancelled
1509,2023-10-17,C014,Widget D,7,,,Pending
1510,2023-10-05,,Widget B,2,16.97,33.94,Pending
1511,2023-10-07,C001,Widget A,,,,Cancelled
1512,2023-10-26,,Widget C,,13.52,,Pending
1513,2023-10-28,,Widget C,10,24.84,248.4,Complete
1514,2023-10-14,,Widget B,6,10.08,60.48,Cancelled
1515,2023-10-12,C013,Widget A,4,,,Complete
1516,2023-10-07,,Widget C,,,,Complete
1517,2023-10-27,,Widget D,,10.26,,Complete
1518,2023-10-20,,Widget D,10,,,Complete
1519,2023-10-21,,Widget A,4,,,Cancelled
1520,2023-10-06,,Widget B,,6.74,,Pending
1521,2023-10-12,,Widget B,,,,Complete
1522,2023-10-18,,Widget C,,,,Pending
1523,2023-10-30,C013,Widget C,3,,,Cancelled
1524,2023-10-10,C011,Widget C,9,18.88,169.92,Cancelled
1525,2023-10-16,,Widget D,,14.64,,Complete
1526,2023-10-13,C008,Widget C,7,,,Cancelled
1527,2023-10-27,C009,Widget C,2,18.47,36.94,Complete
1528,2023-10-18,,Widget C,,22.89,,Complete
1529,2023-10-31,,Widget B,,,,Complete
1530,2023-10-07,,Widget B,,23.4,,Cancelled
1531,2023-10-01,C018,Widget D,6,14.85,89.1,Pending
1532,2023-10-06,,Widget D,,6.08,,Pending
1533,2023-10-31,C018,Widget C,,,,Cancelled
1534,2023-10-17,,Widget A,,,,Pending
1535,2023-10-12,,Widget B,9,9.74,87.66,Cancelled
1536,2023-10-11,C012,Widget D,,13.38,,Pending
1537,2023-10-28,,Widget D,,,,Complete
1538,2023-10-24,C009,Widget D,,,,Pending
1539,2023-10-26,C001,Widget D,,24.91,,Pending
1540,2023-10-10,C009,Widget D,,6.2,,Pending
1541,2023-10-27,,Widget C,5,12.21,61.05,Pending
1542,2023-10-01,C014,Widget C,,,,Pending
1543,2023-10-12,,Widget D,2,17.27,34.54,Cancelled
1544,2023-10-31,C005,Widget C,7,,,Complete
1545,2023-10-06,C011,Widget C,6,19.21,115.26,Pending
1546,2023-10-29,,Widget D,,,,Complete
1547,2023-10-24,,Widget A,,,,Complete
1548,2023-10-30,C016,Widget A,,,,Complete
1549,2023-10-21,,Widget B,4,,,Complete
1550,2023-10-17,C006,Widget A,6,22.28,133.68,Cancelled
1551,2023-10-30,,Widget B,,16.82,,Cancelled
1552,2023-10-24,,Widget C,6,,,Pending
1553,2023-10-10,,Widget C,3,,,Pending
1554,2023-10-10,C016,Widget D,8,5.18,41.44,Pending
1555,2023-10-20,C008,Widget C,4,22.64,90.56,Pending
1556,2023-10-08,,Widget D,4,,,Cancelled
1557,2023-10-25,,Widget C,9,,,Complete
1558,2023-10-05,C010,Widget D,10,10.44,104.4,Complete
1559,2023-10-11,C001,Widget A,,,,Pending
1560,2023-10-09,,Widget A,,8.01,,Complete
1561,2023-10-11,,Widget D,6,,,Pending
1562,2023-10-03,C005,Widget C,,,,Complete
1563,2023-10-29,,Widget A,,12.7,,Complete
1564,2023-10-24,C002,Widget D,,14.46,,Pending
1565,2023-10-06,C002,Widget C,8,,,Cancelled
1566,2023-10-07,C004,Widget D,,8.35,,Cancelled
1567,2023-10-04,C013,Widget A,1,,,Pending
1568,2023-10-25,C003,Widget B,,18.72,,Cancelled
1569,2023-10-02,,Widget B,,,,Pending
1570,2023-10-18,,Widget B,1,,,Pending
1571,2023-10-29,,Widget D,9,15.85,142.65,Complete
1572,2023-10-19,,Widget C,8,,,Complete
1573,2023-10-17,,Widget C,5,14.08,70.4,Cancelled
1574,2023-10-06,,Widget B,,18.17,,Complete
1575,2023-10-17,C016,Widget C,6,,,Complete
1576,2023-10-17,C003,Widget B,,9.04,,Complete
1577,2023-10-04,,Widget D,9,,,Cancelled
1578,2023-10-23,C003,Widget B,,,,Pending
1579,2023-10-18,,Widget A,10,,,Pending
1580,2023-10-03,C007,Widget A,4,,,Cancelled
1581,2023-10-21,,Widget A,10,18.49,184.9,Complete
1582,2023-10-06,,Widget C,3,23.67,71.01,Cancelled
1583,2023-10-11,,Widget D,,,,Pending
1584,2023-10-25,,Widget C,8,,,Cancelled
1585,2023-10-02,C010,Widget B,,,,Complete
1586,2023-10-28,C011,Widget C,,6.89,,Pending
1587,2023-10-05,,Widget C,,9.66,,Complete
1588,2023-10-19,C013,Widget A,6,,,Cancelled
1589,2023-10-21,C010,Widget D,,23.44,,Pending
1590,2023-10-29,,Widget A,,17.68,,Complete
1591,2023-10-10,C017,Widget C,,,,Complete
1592,2023-10-02,,Widget A,4,10.8,43.2,Complete
1593,2023-10-05,C011,Widget D,,15.96,,Complete
1594,2023-10-13,,Widget B,3,16.19,48.57,Pending
1595,2023-10-21,C019,Widget B,,10.33,,Pending
1596,2023-10-22,C019,Widget A,7,,,Pending
1597,2023-10-12,C020,Widget C,3,17.32,51.96,Cancelled
1598,2023-10-05,C015,Widget B,4,,,Complete
1599,2023-10-24,C002,Widget B,,,,Pending
1600,2023-10-15,C016,Widget C,,9.08,,Cancelled
1601,2023-10-16,C020,Widget A,,,,Pending
1602,2023-10-07,,Widget A,,6.33,,Cancelled
1603,2023-10-28,C012,Widget A,5,9.62,48.1,Cancelled
1604,2023-10-23,,Widget D,,8.73,,Cancelled
1605,2023-10-30,C001,Widget B,9,11.67,105.03,Cancelled
1606,2023-10-06,,Widget C,6,9.72,58.32,Complete
1607,2023-10-21,,Widget A,9,9.51,85.59,Pending
1608,2023-10-22,C005,Widget D,,,,Pending
1609,2023-10-10,,Widget D,,,,Cancelled
1610,2023-10-18,C007,Widget C,,,,Cancelled
1611,2023-10-30,C019,Widget C,,,,Cancelled
1612,2023-10-01,,Widget D,5,19.91,99.55,Complete
1613,2023-10-25,C007,Widget B,,20.25,,Cancelled
1614,2023-10-19,C020,Widget B,,12.19,,Complete
1615,2023-10-17,,Widget C,3,,,Complete
1616,2023-10-07,C008,Widget D,1,,,Cancelled
1617,2023-10-22,C007,Widget A,3,22.34,67.02,Cancelled
1618,2023-10-11,C015,Widget D,,17.16,,Cancelled
1619,2023-10-11,C013,Widget A,8,,,Complete
1620,2023-10-17,,Widget A,9,,,Complete
1621,2023-10-10,,Widget C,5,8.33,41.65,Cancelled
1622,2023-10-30,C002,Widget D,,,,Complete
1623,2023-10-25,C019,Widget D,7,,,Pending
1624,2023-10-19,,Widget A,5,,,Cancelled
1625,2023-10-24,C004,Widget A,8,6.71,53.68,Cancelled
1626,2023-10-26,C017,Widget D,9,,,Pending
1627,2023-10-19,C005,Widget B,,13.39,,Cancelled
1628,2023-10-25,,Widget B,,,,Cancelled
1629,2023-10-25,C009,Widget D,8,,,Cancelled
1630,2023-10-29,C016,Widget B,10,14.07,140.7,Complete
1631,2023-10-20,C020,Widget B,9,,,Complete
1632,2023-10-06,C005,Widget C,,22.08,,Pending
1633,2023-10-30,C003,Widget A,,8.23,,Cancelled
1634,2023-10-22,C020,Widget D,10,,,Pending
1635,2023-10-11,,Widget A,,,,Complete
1636,2023-10-23,,Widget D,,,,Complete
1637,2023-10-19,C017,Widget D,10,13.54,135.4,Pending
1638,2023-10-17,,Widget B,10,15.39,153.9,Pending
1639,2023-10-26,C006,Widget C,,7.36,,Cancelled
1640,2023-10-26,C004,Widget D,,,,Complete
1641,2023-10-21,,Widget C,2,11.01,22.02,Complete
1642,2023-10-04,,Widget D,,,,Pending
1643,2023-10-27,,Widget D,,14.63,,Cancelled
1644,2023-10-29,,Widget D,1,16.3,16.3,Cancelled
1645,2023-10-18,C001,Widget C,,24.39,,Complete
1646,2023-10-11,C013,Widget D,,22.29,,Cancelled
1647,2023-10-28,C011,Widget C,,,,Pending
1648,2023-10-15,C010,Widget C,,,,Complete
1649,2023-10-30,,Widget A,,8.8,,Cancelled
1650,2023-10-28,,Widget C,,,,Complete
1651,2023-10-24,,Widget D,,,,Cancelled
1652,2023-10-28,C020,Widget C,,7.06,,Complete
1653,2023-10-19,C010,Widget C,,10.73,,Pending
1654,2023-10-22,,Widget B,3,,,Complete
1655,2023-10-18,,Widget C,3,,,Complete
1656,2023-10-10,,Widget D,,,,Complete
1657,2023-10-13,C002,Widget D,,19.09,,Cancelled
1658,2023-10-12,,Widget B,,24.47,,Cancelled
1659,2023-10-05,,Widget A,8,18.69,149.52,Pending
1660,2023-10-08,C008,Widget C,6,8.67,52.02,Pending
1661,2023-10-15,C016,Widget A,,12.03,,Complete
1662,2023-10-10,C012,Widget A,,,,Pending
1663,2023-10-18,,Widget D,,15.96,,Pending
1664,2023-10-03,C011,Widget D,7,,,Complete
1665,2023-10-22,,Widget A,10,,,Pending
1666,2023-10-06,,Widget A,,18.71,,Pending
1667,2023-10-16,C002,Widget B,,,,Pending
1668,2023-10-18,,Widget D,,18.63,,Pending
1669,2023-10-19,,Widget C,,17.23,,Complete
1670,2023-10-28,C010,Widget C,,5.02,,Complete
1671,2023-10-28,C010,Widget B,7,17.5,122.5,Pending
1672,2023-10-13,C014,Widget B,,8.76,,Pending
1673,2023-10-27,C014,Widget C,,,,Complete
1674,2023-10-24,,Widget B,,17.84,,Pending
1675,2023-10-29,,Widget B,8,16.04,128.32,Pending
1676,2023-10-12,C008,Widget D,,,,Cancelled
1677,2023-10-17,,Widget C,,16.36,,Complete
1678,2023-10-19,C016,Widget B,9,,,Cancelled
1679,2023-10-29,C020,Widget B,,18.68,,Cancelled
1680,2023-10-02,C011,Widget D,8,16.48,131.84,Pending
1681,2023-10-12,,Widget B,1,19.54,19.54,Complete
1682,2023-10-21,C016,Widget A,,,,Complete
1683,2023-10-17,,Widget C,3,10.5,31.5,Complete
1684,2023-10-24,C004,Widget B,8,21.16,169.28,Cancelled
1685,2023-10-08,C016,Widget A,,,,Pending
1686,2023-10-25,,Widget B,,9.22,,Complete
1687,2023-10-21,C009,Widget A,3,12.97,38.91,Pending
1688,2023-10-24,C018,Widget D,7,10.25,71.75,Complete
1689,2023-10-10,,Widget C,,6.95,,Pending
1690,2023-10-20,,Widget C,,10.11,,Pending
1691,2023-10-25,C008,Widget C,3,,,Complete
1692,2023-10-01,C014,Widget A,8,9.39,75.12,Pending
1693,2023-10-07,C002,Widget A,,,,Cancelled
1694,2023-10-31,C004,Widget B,,,,Pending
1695,2023-10-10,C015,Widget D,5,18.84,94.2,Pending
1696,2023-10-06,,Widget A,7,,,Pending
1697,2023-10-31,C009,Widget D,2,,,Cancelled
1698,2023-10-13,,Widget A,3,,,Pending
1699,2023-10-23,C009,Widget A,,16.43,,Pending
1700,2023-10-01,C016,Widget A,1,10.33,10.33,Pending
1701,2023-10-19,,Widget D,7,,,Cancelled
1702,2023-10-08,,Widget D,2,11.67,23.34,Pending
1703,2023-10-02,,Widget C,2,20.21,40.42,Cancelled
1704,2023-10-07,C006,Widget D,4,,,Cancelled
1705,2023-10-23,,Widget A,,,,Complete
1706,2023-10-24,C019,Widget D,,20.85,,Pending
1707,2023-10-18,C015,Widget A,,,,Pending
1708,2023-10-04,,Widget B,,,,Cancelled
1709,2023-10-05,C016,Widget D,,,,Complete
1710,2023-10-06,,Widget A,,,,Complete
1711,2023-10-04,C016,Widget A,4,11.75,47,Pending
1712,2023-10-04,C019,Widget C,,16.86,,Complete
1713,2023-10-04,C009,Widget D,3,16.07,48.21,Complete
1714,2023-10-30,C019,Widget B,2,,,Pending
1715,2023-10-03,C001,Widget B,2,13.32,26.64,Cancelled
1716,2023-10-05,C007,Widget C,9,,,Cancelled
1717,2023-10-23,C002,Widget D,,17.54,,Pending
1718,2023-10-14,C001,Widget B,,,,Pending
1719,2023-10-25,,Widget A,,20.93,,Pending
1720,2023-10-06,C006,Widget A,6,9.19,55.14,Pending
1721,2023-10-20,C015,Widget A,,,,Pending
1722,2023-10-17,C004,Widget B,8,13.38,107.04,Complete
1723,2023-10-25,,Widget B,,,,Pending
1724,2023-10-29,C008,Widget D,10,6.09,60.9,Complete
1725,2023-10-07,,Widget B,7,,,Cancelled
1726,2023-10-12,C009,Widget C,,,,Pending
1727,2023-10-05,,Widget D,,,,Pending
1728,2023-10-20,C006,Widget B,2,22.14,44.28,Complete
1729,2023-10-19,,Widget C,1,,,Complete
1730,2023-10-11,C014,Widget B,,,,Complete
1731,2023-10-16,C017,Widget D,9,,,Pending
1732,2023-10-16,C008,Widget A,,7.65,,Complete
1733,2023-10-21,C003,Widget D,,,,Pending
1734,2023-10-15,,Widget B,6,,,Cancelled
1735,2023-10-03,,Widget A,5,,,Cancelled
1736,2023-10-03,,Widget A,9,,,Pending
1737,2023-10-12,C015,Widget C,,,,Cancelled
1738,2023-10-23,C007,Widget C,,,,Cancelled
1739,2023-10-25,,Widget C,5,,,Pending
1740,2023-10-12,,Widget A,8,14.04,112.32,Cancelled
1741,2023-10-31,C003,Widget D,,,,Pending
1742,2023-10-31,C003,Widget B,,18.94,,Complete
1743,2023-10-28,C007,Widget C,,14.48,,Pending
1744,2023-10-24,,Widget B,,,,Cancelled
1745,2023-10-21,,Widget C,6,16.87,101.22,Pending
1746,2023-10-10,C019,Widget C,3,9.54,28.62,Pending
1747,2023-10-25,C002,Widget C,5,,,Cancelled
1748,2023-10-18,C010,Widget B,,,,Pending
1749,2023-10-19,,Widget C,,,,Cancelled
1750,2023-10-11,C012,Widget C,,,,Complete
1751,2023-10-13,C016,Widget D,,5.09,,Cancelled
1752,2023-10-23,,Widget C,,20.99,,Pending
1753,2023-10-23,,Widget A,,11.16,,Cancelled
1754,2023-10-27,,Widget C,2,,,Cancelled
1755,2023-10-17,,Widget B,,15.77,,Cancelled
1756,2023-10-22,,Widget B,8,,,Cancelled
1757,2023-10-12,C013,Widget D,6,12.46,74.76,Pending
1758,2023-10-12,,Widget A,4,19.83,79.32,Pending
1759,2023-10-10,,Widget D,,7.87,,Pending
1760,2023-10-28,,Widget A,10,6.77,67.7,Cancelled
1761,2023-10-30,,Widget B,9,,,Complete
1762,2023-10-06,,Widget D,1,21.69,21.69,Pending
1763,2023-10-18,C015,Widget A,,10.25,,Complete
1764,2023-10-21,,Widget B,,5.57,,Pending
1765,2023-10-03,,Widget D,10,22.37,223.7,Cancelled
1766,2023-10-27,,Widget A,,,,Pending
1767,2023-10-15,,Widget B,1,12.22,12.22,Complete
1768,2023-10-10,C010,Widget B,,,,Cancelled
1769,2023-10-11,,Widget C,,15.69,,Complete
1770,2023-10-01,,Widget C,8,,,Complete
1771,2023-10-07,C005,Widget B,,,,Complete
1772,2023-10-27,C005,Widget D,6,,,Pending
1773,2023-10-29,,Widget B,,,,Complete
1774,2023-10-05,C005,Widget C,,,,Pending
1775,2023-10-23,C004,Widget A,8,,,Complete
1776,2023-10-26,C017,Widget D,2,5.87,11.74,Cancelled
1777,2023-10-01,C004,Widget B,,8.7,,Complete
1778,2023-10-03,,Widget C,,,,Cancelled
1779,2023-10-19,C003,Widget A,,19.32,,Complete
1780,2023-10-29,C018,Widget A,4,,,Pending
1781,2023-10-22,C004,Widget C,7,,,Pending
1782,2023-10-04,C011,Widget D,,14.92,,Cancelled
1783,2023-10-10,C018,Widget A,6,7.31,43.86,Pending
1784,2023-10-20,,Widget B,9,10.81,97.29,Complete
1785,2023-10-28,,Widget C,,24.97,,Cancelled
1786,2023-10-04,,Widget A,,,,Cancelled
1787,2023-10-30,C006,Widget C,4,9.01,36.04,Complete
1788,2023-10-08,,Widget C,10,20.13,201.3,Pending
1789,2023-10-16,,Widget D,9,7.95,71.55,Complete
1790,2023-10-04,,Widget D,,,,Complete
1791,2023-10-16,C001,Widget D,10,,,Complete
1792,2023-10-22,,Widget D,4,18.24,72.96,Cancelled
1793,2023-10-09,,Widget A,1,,,Pending
1794,2023-10-15,,Widget D,,5.66,,Cancelled
1795,2023-10-06,,Widget B,5,,,Cancelled
1796,2023-10-22,,Widget D,,15.13,,Pending
1797,2023-10-16,,Widget C,5,,,Complete
1798,2023-10-27,,Widget A,6,6.95,41.7,Pending
1799,2023-10-14,C012,Widget B,,,,Cancelled
1800,2023-10-03,C010,Widget C,,,,Pending
1801,2023-10-22,,Widget C,1,16.76,16.76,Pending
1802,2023-10-19,,Widget A,,,,Pending
1803,2023-10-16,,Widget B,10,12.27,122.7,Complete
1804,2023-10-16,C003,Widget C,,10.95,,Complete
1805,2023-10-20,C003,Widget C,,16.33,,Pending
1806,2023-10-07,C012,Widget C,9,13.66,122.94,Complete
1807,2023-10-14,,Widget D,,,,Cancelled
1808,2023-10-16,,Widget C,9,,,Cancelled
1809,2023-10-07,,Widget B,,19.93,,Pending
1810,2023-10-14,C011,Widget B,7,,,Pending
1811,2023-10-22,C020,Widget D,,,,Complete
1812,2023-10-26,,Widget D,9,,,Complete
1813,2023-10-06,C009,Widget A,5,,,Cancelled
1814,2023-10-28,,Widget A,,11.28,,Complete
1815,2023-10-29,,Widget A,,,,Cancelled
1816,2023-10-22,,Widget D,,17,,Pending
1817,2023-10-27,,Widget B,,,,Complete
1818,2023-10-09,,Widget C,,14.81,,Cancelled
1819,2023-10-31,,Widget D,,,,Pending
1820,2023-10-16,,Widget A,,,,Cancelled
1821,2023-10-30,,Widget D,5,,,Cancelled
1822,2023-10-28,,Widget D,1,23.55,23.55,Pending
1823,2023-10-03,,Widget B,3,17.63,52.89,Complete
1824,2023-10-09,,Widget D,7,,,Complete
1825,2023-10-23,C009,Widget C,7,,,Complete
1826,2023-10-21,,Widget B,1,9,9,Pending
1827,2023-10-19,C003,Widget B,,21.94,,Pending
1828,2023-10-15,C016,Widget C,3,,,Complete
1829,2023-10-14,C012,Widget D,,,,Cancelled
1830,2023-10-21,C020,Widget A,,,,Complete
1831,2023-10-13,,Widget C,,,,Cancelled
1832,2023-10-04,,Widget D,,,,Complete
1833,2023-10-31,,Widget D,,,,Cancelled
1834,2023-10-07,C010,Widget D,3,,,Pending
1835,2023-10-09,,Widget B,6,6.71,40.26,Complete
1836,2023-10-28,,Widget B,7,19.72,138.04,Complete
1837,2023-10-04,C018,Widget A,,14.42,,Cancelled
1838,2023-10-31,C020,Widget A,5,11.05,55.25,Cancelled
1839,2023-10-12,C005,Widget B,,15.07,,Pending
1840,2023-10-05,,Widget D,3,,,Complete
1841,2023-10-16,,Widget D,5,17.26,86.3,Cancelled
1842,2023-10-11,C014,Widget C,,16.11,,Complete
1843,2023-10-07,C005,Widget B,,,,Cancelled
1844,2023-10-15,C014,Widget D,1,12.13,12.13,Pending
1845,2023-10-16,C004,Widget A,,9.07,,Complete
1846,2023-10-27,,Widget B,,,,Pending
1847,2023-10-30,C003,Widget D,2,,,Pending
1848,2023-10-12,C019,Widget C,,6.62,,Pending
1849,2023-10-21,C009,Widget C,1,,,Complete
1850,2023-10-28,,Widget C,,15.94,,Complete
1851,2023-10-13,C009,Widget B,,,,Complete
1852,2023-10-13,,Widget B,2,14.82,29.64,Cancelled
1853,2023-10-26,C010,Widget C,2,15.25,30.5,Pending
1854,2023-10-29,,Widget C,10,6.8,68,Pending
1855,2023-10-20,,Widget D,,15.27,,Cancelled
1856,2023-10-08,,Widget A,5,13.75,68.75,Pending
1857,2023-10-05,,Widget B,9,,,Cancelled
1858,2023-10-03,C002,Widget D,,14.29,,Pending
1859,2023-10-09,C019,Widget A,2,,,Pending
1860,2023-10-02,,Widget C,6,20.15,120.9,Cancelled
1861,2023-10-26,,Widget B,,6.56,,Cancelled
1862,2023-10-04,C014,Widget A,,5.27,,Pending
1863,2023-10-23,,Widget C,10,18.81,188.1,Pending
1864,2023-10-03,C005,Widget A,,,,Complete
1865,2023-10-07,C016,Widget B,,6.72,,Complete
1866,2023-10-16,C014,Widget A,,19.78,,Pending
1867,2023-10-16,,Widget B,4,16.39,65.56,Complete
1868,2023-10-11,C001,Widget D,7,19.74,138.18,Complete
1869,2023-10-16,,Widget D,,15.57,,Cancelled
1870,2023-10-11,C018,Widget C,7,7.34,51.38,Pending
1871,2023-10-23,C014,Widget B,,14.38,,Complete
1872,2023-10-17,,Widget D,3,19.46,58.38,Pending
1873,2023-10-27,,Widget B,,,,Cancelled
1874,2023-10-16,C005,Widget B,3,7.02,21.06,Pending
1875,2023-10-10,C008,Widget A,1,22.62,22.62,Cancelled
1876,2023-10-06,C006,Widget A,6,,,Complete
1877,2023-10-18,,Widget C,6,20.39,122.34,Complete
1878,2023-10-28,C017,Widget A,8,,,Complete
1879,2023-10-26,C020,Widget A,,,,Complete
1880,2023-10-30,C012,Widget C,8,,,Complete
1881,2023-10-21,,Widget B,,13.78,,Complete
1882,2023-10-08,,Widget C,,6.7,,Cancelled
1883,2023-10-25,,Widget B,3,,,Pending
1884,2023-10-14,,Widget C,1,,,Cancelled
1885,2023-10-26,C017,Widget A,6,,,Pending
1886,2023-10-02,C013,Widget B,,24.55,,Pending
1887,2023-10-13,,Widget C,,,,Cancelled
1888,2023-10-13,C015,Widget D,6,20.51,123.06,Complete
1889,2023-10-02,,Widget D,3,9.27,27.81,Cancelled
1890,2023-10-11,C006,Widget A,9,9.83,88.47,Cancelled
1891,2023-10-14,C017,Widget A,6,17.54,105.24,Complete
1892,2023-10-02,,Widget C,,,,Cancelled
1893,2023-10-19,C019,Widget C,5,,,Cancelled
1894,2023-10-13,C017,Widget A,,21.46,,Pending
1895,2023-10-04,,Widget D,,,,Pending
1896,2023-10-07,C015,Widget C,9,16.76,150.84,Pending
1897,2023-10-19,,Widget D,8,,,Cancelled
1898,2023-10-05,,Widget B,,18.89,,Pending
1899,2023-10-02,,Widget A,10,7.21,72.1,Cancelled
1900,2023-10-10,C002,Widget A,6,24.82,148.92,Pending
1901,2023-10-16,C001,Widget B,10,5.97,59.7,Pending
1902,2023-10-07,,Widget A,2,,,Pending
1903,2023-10-16,,Widget D,6,,,Complete
1904,2023-10-17,,Widget D,3,6.79,20.37,Pending
1905,2023-10-08,,Widget A,8,,,Cancelled
1906,2023-10-01,,Widget A,,,,Cancelled
1907,2023-10-17,,Widget A,,24.25,,Complete
1908,2023-10-08,,Widget A,9,,,Pending
1909,2023-10-28,,Widget D,3,5.48,16.44,Pending
1910,2023-10-09,C003,Widget A,,,,Pending
1911,2023-10-25,C003,Widget C,,6.18,,Complete
1912,2023-10-01,,Widget D,2,7.85,15.7,Pending
1913,2023-10-13,C004,Widget B,,14.86,,Complete
1914,2023-10-09,,Widget D,9,,,Pending
1915,2023-10-21,C008,Widget C,,,,Pending
1916,2023-10-19,,Widget A,,,,Pending
1917,2023-10-18,C006,Widget D,9,5.84,52.56,Cancelled
1918,2023-10-10,C006,Widget A,8,16.96,135.68,Pending
1919,2023-10-27,,Widget A,,11.01,,Cancelled
1920,2023-10-04,,Widget D,4,22.68,90.72,Cancelled
1921,2023-10-09,,Widget B,6,9.21,55.26,Complete
1922,2023-10-30,C005,Widget D,,18.45,,Cancelled
1923,2023-10-29,,Widget A,,22.85,,Cancelled
1924,2023-10-04,,Widget C,,,,Complete
1925,2023-10-15,C012,Widget D,,19.86,,Cancelled
1926,2023-10-30,C012,Widget A,10,,,Complete
1927,2023-10-16,C012,Widget C,,5.14,,Complete
1928,2023-10-28,,Widget B,,,,Complete
1929,2023-10-19,C005,Widget B,,22.62,,Complete
1930,2023-10-28,,Widget D,1,,,Pending
1931,2023-10-14,,Widget A,9,,,Cancelled
1932,2023-10-08,,Widget D,9,11.32,101.88,Complete
1933,2023-10-11,C003,Widget B,,,,Complete
1934,2023-10-11,C010,Widget A,1,,,Cancelled
1935,2023-10-26,,Widget B,2,9.77,19.54,Complete
1936,2023-10-27,C011,Widget A,10,20.28,202.8,Cancelled
1937,2023-10-04,C003,Widget A,7,,,Complete
1938,2023-10-02,C015,Widget C,10,,,Cancelled
1939,2023-10-02,,Widget D,2,,,Pending
1940,2023-10-13,,Widget A,,14.08,,Cancelled
1941,2023-10-07,C004,Widget A,,,,Cancelled
1942,2023-10-05,,Widget C,7,19.49,136.43,Complete
1943,2023-10-08,C005,Widget A,3,16.69,50.07,Pending
1944,2023-10-19,C018,Widget B,8,17.07,136.56,Pending
1945,2023-10-01,C017,Widget A,,,,Complete
1946,2023-10-21,C007,Widget C,4,18.9,75.6,Cancelled
1947,2023-10-23,,Widget C,7,8.25,57.75,Complete
1948,2023-10-16,C008,Widget B,4,,,Pending
1949,2023-10-24,,Widget B,,,,Pending
1950,2023-10-01,,Widget A,,7.85,,Complete
1951,2023-10-21,,Widget A,,,,Complete
1952,2023-10-29,C009,Widget C,,,,Complete
1953,2023-10-27,C009,Widget A,3,,,Pending
1954,2023-10-30,,Widget D,4,,,Cancelled
1955,2023-10-26,,Widget A,,,,Complete
1956,2023-10-07,,Widget C,6,,,Complete
1957,2023-10-25,C020,Widget C,3,9.94,29.82,Complete
1958,2023-10-28,,Widget B,2,,,Complete
1959,2023-10-17,,Widget D,9,8.58,77.22,Cancelled
1960,2023-10-23,,Widget D,5,,,Complete
1961,2023-10-08,,Widget B,,11.12,,Cancelled
1962,2023-10-06,,Widget A,,10.9,,Complete
1963,2023-10-19,,Widget C,7,14.35,100.45,Pending
1964,2023-10-26,,Widget C,,,,Pending
1965,2023-10-21,,Widget A,,,,Complete
1966,2023-10-04,,Widget A,,11.68,,Pending
1967,2023-10-10,C009,Widget B,9,5.17,46.53,Pending
1968,2023-10-27,,Widget D,,,,Pending
1969,2023-10-08,C008,Widget D,4,19.45,77.8,Pending
1970,2023-10-26,,Widget B,7,9.19,64.33,Cancelled
1971,2023-10-01,C012,Widget B,,15,,Pending
1972,2023-10-08,,Widget D,9,,,Cancelled
1973,2023-10-26,C002,Widget B,6,,,Pending
1974,2023-10-03,,Widget B,,11.58,,Cancelled
1975,2023-10-29,C010,Widget B,,5.64,,Complete
1976,2023-10-06,C007,Widget D,,,,Pending
1977,2023-10-02,C012,Widget B,6,,,Complete
1978,2023-10-18,,Widget A,,,,Pending
1979,2023-10-14,C016,Widget C,,15.05,,Pending
1980,2023-10-07,C001,Widget D,2,,,Cancelled
1981,2023-10-11,,Widget D,,19.75,,Cancelled
1982,2023-10-29,,Widget C,,,,Cancelled
1983,2023-10-24,,Widget D,,,,Complete
1984,2023-10-29,,Widget C,,23.17,,Cancelled
1985,2023-10-04,C012,Widget A,9,,,Pending
1986,2023-10-07,C017,Widget D,,17.78,,Pending
1987,2023-10-11,C013,Widget D,,,,Pending
1988,2023-10-22,,Widget D,,,,Cancelled
1989,2023-10-31,C015,Widget D,,,,Cancelled
1990,2023-10-04,,Widget A,9,,,Cancelled
1991,2023-10-09,,Widget C,,,,Pending
1992,2023-10-23,C002,Widget D,5,,,Complete
1993,2023-10-25,C013,Widget B,,,,Pending
1994,2023-10-01,,Widget B,,,,Cancelled
1995,2023-10-06,C006,Widget D,,21.31,,Cancelled
1996,2023-10-21,C007,Widget D,,,,Pending
1997,2023-10-11,C006,Widget D,,12.78,,Complete
1998,2023-10-03,,Widget A,,13.22,,Complete
1999,2023-10-23,C018,Widget C,2,24.63,49.26,Cancelled
2000,2023-10-30,,Widget B,6,,,Cancelled
